factor,best_group,best,worst_group,worst,gap
Failed swaps in week 1,0,11.004126547455295,3+,27.878787878787882,16.87466133133259
Joining quarter,2024Q3,10.913404507710558,2024Q2,15.472779369627506,4.5593748619169485
Home city,Mumbai,10.686600221483943,Jaipur,13.602015113350127,2.9154148918661846
Signup channel,app_store,10.602142593276689,partner_onboarding,13.135953717883272,2.533811124606583
Queue wait in week 1,long,10.866141732283465,shortest,13.299716356760163,2.433574624476698
Plan type,prepaid_pack,11.021505376344086,partner_billed,12.871669455528382,1.850164079184296
Independent vs company,independent,11.036585365853659,company,12.871669455528382,1.835084089674723
Vehicle class,2W,11.948410870566558,3W,13.413304252998909,1.4648933824323507
Got a bad Kyron pack in week 1,True,11.79718875502008,False,12.227727400205666,0.43053864518558527
