hour,city,attempts,fails
0,Bengaluru,4404,196
0,Delhi NCR,4390,331
0,Hyderabad,4088,232
0,Jaipur,2811,190
0,Mumbai,3083,128
0,Pune,3234,152
1,Bengaluru,4287,188
1,Delhi NCR,4435,279
1,Hyderabad,4117,251
1,Jaipur,2845,209
1,Mumbai,2994,149
1,Pune,3108,139
2,Bengaluru,4411,209
2,Delhi NCR,4365,296
2,Hyderabad,4105,244
2,Jaipur,2811,199
2,Mumbai,3071,129
2,Pune,3158,147
3,Bengaluru,4349,207
3,Delhi NCR,4359,287
3,Hyderabad,4118,242
3,Jaipur,2799,186
3,Mumbai,3013,124
3,Pune,3254,164
4,Bengaluru,6158,270
4,Delhi NCR,4350,267
4,Hyderabad,4125,259
4,Jaipur,2833,189
4,Mumbai,3010,134
4,Pune,4362,193
5,Bengaluru,6037,277
5,Delhi NCR,4418,294
5,Hyderabad,4108,244
5,Jaipur,2776,176
5,Mumbai,3068,142
5,Pune,4310,199
6,Bengaluru,10972,513
6,Delhi NCR,10999,700
6,Hyderabad,10080,581
6,Jaipur,7045,504
6,Mumbai,7555,361
6,Pune,8007,392
7,Bengaluru,11059,483
7,Delhi NCR,10921,713
7,Hyderabad,10248,619
7,Jaipur,7195,520
7,Mumbai,7712,350
7,Pune,7784,380
8,Bengaluru,32386,1555
8,Delhi NCR,33356,2199
8,Hyderabad,30568,1886
8,Jaipur,21142,1470
8,Mumbai,23435,1082
8,Pune,23782,1179
9,Bengaluru,45655,2073
9,Delhi NCR,47504,3145
9,Hyderabad,43384,2645
9,Jaipur,29847,2053
9,Mumbai,32826,1447
9,Pune,33506,1644
10,Bengaluru,26932,1323
10,Delhi NCR,27595,1777
10,Hyderabad,25382,1545
10,Jaipur,16980,1165
10,Mumbai,19474,936
10,Pune,19310,1026
11,Bengaluru,19727,962
11,Delhi NCR,20523,1394
11,Hyderabad,19026,1259
11,Jaipur,12593,967
11,Mumbai,13877,693
11,Pune,14589,829
12,Bengaluru,72123,3154
12,Delhi NCR,73980,4626
12,Hyderabad,68608,3979
12,Jaipur,46305,3044
12,Mumbai,50451,2262
12,Pune,52315,2467
13,Bengaluru,73458,3149
13,Delhi NCR,75044,4777
13,Hyderabad,70155,4070
13,Jaipur,47856,3187
13,Mumbai,51502,2265
13,Pune,53058,2529
14,Bengaluru,33669,1628
14,Delhi NCR,33400,2169
14,Hyderabad,30840,1894
14,Jaipur,20536,1394
14,Mumbai,22967,1068
14,Pune,24183,1138
15,Bengaluru,21590,1106
15,Delhi NCR,20570,1418
15,Hyderabad,18399,1192
15,Jaipur,12510,898
15,Mumbai,13991,731
15,Pune,15652,844
16,Bengaluru,21777,1128
16,Delhi NCR,20700,1454
16,Hyderabad,19148,1299
16,Jaipur,12664,901
16,Mumbai,14306,719
16,Pune,15834,820
17,Bengaluru,23620,1148
17,Delhi NCR,24484,1691
17,Hyderabad,22286,1461
17,Jaipur,15763,1131
17,Mumbai,17458,818
17,Pune,17425,905
18,Bengaluru,43406,1975
18,Delhi NCR,45569,2925
18,Hyderabad,42170,2526
18,Jaipur,29742,2064
18,Mumbai,31389,1389
18,Pune,32267,1606
19,Bengaluru,90956,4003
19,Delhi NCR,91865,7897
19,Hyderabad,85498,6644
19,Jaipur,59440,5499
19,Mumbai,63477,2661
19,Pune,65349,3205
20,Bengaluru,90445,4018
20,Delhi NCR,91649,8027
20,Hyderabad,85520,6491
20,Jaipur,59159,5565
20,Mumbai,62900,2594
20,Pune,65260,3386
21,Bengaluru,72225,3246
21,Delhi NCR,73082,6352
21,Hyderabad,67874,5184
21,Jaipur,46279,4383
21,Mumbai,50157,2211
21,Pune,51999,2680
22,Bengaluru,37659,1678
22,Delhi NCR,36895,3207
22,Hyderabad,33981,2620
22,Jaipur,22868,2195
22,Mumbai,25565,1042
22,Pune,26849,1345
23,Bengaluru,5990,244
23,Delhi NCR,4460,303
23,Hyderabad,4102,251
23,Jaipur,2835,179
23,Mumbai,3018,146
23,Pune,4315,210
