month,Cellora + Amptek,Kyron bad lots,Kyron other lots
2024-01,97.08331723151834,0.9158712370058353,2.000811531475828
2024-02,97.0843666516656,0.8751687620287829,2.0404645863056197
2024-03,97.1510241332105,0.8532290976090644,1.9957467691804354
2024-04,97.06785883763331,0.861659881615425,2.0704812807512676
2024-05,97.13201651601383,0.8497138393355333,2.018269644650629
2024-06,97.22035452322739,0.8580378973105134,1.9216075794621028
2024-07,97.18190443506873,0.8330473518111041,1.9850482131201594
2024-08,97.21871753005789,0.8355598436494978,1.945722626292613
2024-09,81.1117570673346,17.045818821956956,1.842424110708445
2024-10,75.2811116088127,22.917465169867608,1.8014232213196892
2024-11,75.31986996179795,22.87943003775733,1.8007000004447271
2024-12,75.24321762253268,22.9391775187384,1.8176048587289217
2025-01,75.21235056463809,22.981635155773905,1.8060142795880136
2025-02,74.9899109792285,23.20118694362018,1.8089020771513353
2025-03,75.17217318494225,23.02620102571259,1.8016257893451488
2025-04,75.34925205955867,22.773550530489764,1.8771974099515663
2025-05,75.88231033619974,22.263521076681986,1.8541685871182692
2025-06,75.6645866040449,22.431364529875065,1.9040488660800274
