day,bad_pct
1,22.600279385352227
2,22.021807805971672
3,22.69281310017184
4,22.444603288062904
5,22.64075734927753
6,22.36842105263158
7,22.11990407673861
8,22.914871205592263
9,22.32285031847134
10,22.263071895424837
11,22.23573527921354
12,21.65307340362045
13,22.40120060030015
14,22.37228959941198
15,22.60423591984044
16,23.868765826268852
17,23.253493013972058
18,21.998404467491024
19,22.296488427773344
20,22.39242164667943
21,21.983546617915906
22,22.664667853462007
23,22.608001596328446
24,22.146006859382656
25,22.696969696969695
26,22.38360525268603
27,22.42705047318612
28,21.796296296296298
29,23.027436140018924
30,21.999220576773187
