month,km,health
2024-01,73.67816347319913,98.87686441911231
2024-02,73.26494434083786,98.25566781381578
2024-03,72.6995453445355,97.58122169207896
2024-04,71.48351066052638,96.82983192223791
2024-05,68.48814989115124,95.91207500960431
2024-06,69.1629080391871,94.90430920068432
2024-07,70.0544595261099,93.962180678202
2024-08,69.3939340689364,93.01720305252503
2024-09,65.02627980575109,93.40427620450701
2024-10,62.80057363061342,92.51093051510824
2024-11,61.74643887365704,90.93276325542766
2024-12,60.68255869282943,89.23608066584404
2025-01,59.47755270086006,87.3805094636807
2025-02,58.2616684345812,85.50228557580381
2025-03,57.00731031438521,83.55303034549442
2025-04,55.08545987782868,81.42063931695128
2025-05,52.01448347899671,79.04918981634515
2025-06,51.43235918372753,76.45091206495213
