month,vehicle_class,list_price_inr
2024-01,2W,60.0
2024-01,3W,100.0
2024-02,2W,60.0
2024-02,3W,100.0
2024-03,2W,60.0
2024-03,3W,100.0
2024-04,2W,60.0
2024-04,3W,100.0
2024-05,2W,60.0
2024-05,3W,100.0
2024-06,2W,60.0
2024-06,3W,100.0
2024-07,2W,65.0
2024-07,3W,110.0
2024-08,2W,65.0
2024-08,3W,110.0
2024-09,2W,65.0
2024-09,3W,110.0
2024-10,2W,65.0
2024-10,3W,110.0
2024-11,2W,65.0
2024-11,3W,110.0
2024-12,2W,65.0
2024-12,3W,110.0
2025-01,2W,65.0
2025-01,3W,110.0
2025-02,2W,65.0
2025-02,3W,110.0
2025-03,2W,65.0
2025-03,3W,110.0
2025-04,2W,65.0
2025-04,3W,110.0
2025-05,2W,65.0
2025-05,3W,110.0
2025-06,2W,65.0
2025-06,3W,110.0
