month,city,attempts,completed,revenue
2024-01,Bengaluru,21083,20169,1199885.6
2024-01,Delhi NCR,20145,19271,1152005.2
2024-01,Hyderabad,19798,18912,1134630.2
2024-01,Jaipur,13594,13022,777254.2
2024-01,Mumbai,16905,16127,970400.4
2024-01,Pune,16753,16007,964627.8
2024-02,Bengaluru,21917,20887,1245282.4
2024-02,Delhi NCR,20529,19634,1167778.4
2024-02,Hyderabad,19899,19052,1145254.6
2024-02,Jaipur,13647,13069,783087.4
2024-02,Mumbai,16907,16155,970430.0
2024-02,Pune,16372,15640,944463.2
2024-03,Bengaluru,24308,23213,1378952.8
2024-03,Delhi NCR,22802,21812,1292308.8
2024-03,Hyderabad,22467,21547,1299772.2
2024-03,Jaipur,15371,14717,877092.2
2024-03,Mumbai,18263,17434,1050770.8
2024-03,Pune,18275,17424,1053692.4
2024-04,Bengaluru,25514,24426,1453583.0
2024-04,Delhi NCR,24352,21904,1299008.2
2024-04,Hyderabad,23871,22512,1357293.2
2024-04,Jaipur,16766,14501,872097.0
2024-04,Mumbai,19000,18143,1100133.4
2024-04,Pune,19488,18631,1121921.4
2024-05,Bengaluru,29228,27362,1627961.8
2024-05,Delhi NCR,26706,22177,1316113.8
2024-05,Hyderabad,26021,21410,1285983.0
2024-05,Jaipur,18243,14637,883824.8
2024-05,Mumbai,20913,19956,1207158.0
2024-05,Pune,22078,19912,1192171.4
2024-06,Bengaluru,30218,28843,1715492.8
2024-06,Delhi NCR,28072,23610,1405322.0
2024-06,Hyderabad,26124,22444,1342757.2
2024-06,Jaipur,18723,15193,910838.0
2024-06,Mumbai,20119,19230,1163831.8
2024-06,Pune,22624,21560,1289131.2
2024-07,Bengaluru,33864,32458,2091461.1
2024-07,Delhi NCR,29934,28582,1856514.95
2024-07,Hyderabad,28221,27012,1761277.5
2024-07,Jaipur,19057,18231,1183846.9
2024-07,Mumbai,19620,18777,1242700.45
2024-07,Pune,24647,23551,1530998.35
2024-08,Bengaluru,36548,35041,2259041.0
2024-08,Delhi NCR,33231,31786,2064479.55
2024-08,Hyderabad,30622,29303,1904927.75
2024-08,Jaipur,20637,19734,1284710.95
2024-08,Mumbai,21303,20404,1345489.2
2024-08,Pune,26559,25420,1650885.15
2024-09,Bengaluru,38925,37232,2403136.8
2024-09,Delhi NCR,38240,36520,2353791.7
2024-09,Hyderabad,36765,35141,2266658.45
2024-09,Jaipur,24363,23365,1502965.5
2024-09,Mumbai,25470,24361,1599204.85
2024-09,Pune,28716,27432,1777516.4
2024-10,Bengaluru,44994,43017,2985086.15
2024-10,Delhi NCR,45691,43700,2813691.95
2024-10,Hyderabad,42909,41115,2643509.0
2024-10,Jaipur,29349,28072,1815470.7
2024-10,Mumbai,31208,29821,1953060.75
2024-10,Pune,32307,30826,2137779.4
2024-11,Bengaluru,46386,44429,3017577.0
2024-11,Delhi NCR,48165,46146,2883632.45
2024-11,Hyderabad,43572,41759,2612051.6
2024-11,Jaipur,30586,29295,1853587.0
2024-11,Mumbai,32724,31281,1991230.35
2024-11,Pune,33386,31947,2170193.6
2024-12,Bengaluru,51470,49186,3347315.05
2024-12,Delhi NCR,53668,51354,3206386.75
2024-12,Hyderabad,48131,46090,2883496.5
2024-12,Jaipur,34016,32473,2048990.1
2024-12,Mumbai,36253,34594,2201879.15
2024-12,Pune,36859,35257,2404032.05
2025-01,Bengaluru,55456,53019,3595906.9
2025-01,Delhi NCR,57497,55063,3443559.5
2025-01,Hyderabad,51023,48810,3049906.6
2025-01,Jaipur,35726,34278,2154619.35
2025-01,Mumbai,38750,37012,2357842.05
2025-01,Pune,39309,37652,2571421.55
2025-02,Bengaluru,51897,49650,3378030.5
2025-02,Delhi NCR,55239,52911,3322236.15
2025-02,Hyderabad,48857,46802,2927592.2
2025-02,Jaipur,33959,32525,2043932.1
2025-02,Mumbai,37086,35469,2256069.4
2025-02,Pune,37022,35393,2408393.45
2025-03,Bengaluru,58872,56350,3834788.25
2025-03,Delhi NCR,62797,60076,3763700.15
2025-03,Hyderabad,56163,53727,3365939.05
2025-03,Jaipur,38621,36934,2327984.45
2025-03,Mumbai,41925,40045,2544693.95
2025-03,Pune,41352,39498,2694271.95
2025-04,Bengaluru,59128,56497,3848509.25
2025-04,Delhi NCR,64894,58751,3698896.45
2025-04,Hyderabad,58960,55688,3481338.4
2025-04,Jaipur,39693,36033,2276511.95
2025-04,Mumbai,43409,41494,2638070.85
2025-04,Pune,42763,40798,2796408.8
2025-05,Bengaluru,66587,63086,4305323.45
2025-05,Delhi NCR,68500,59277,3743601.0
2025-05,Hyderabad,65025,56024,3501040.85
2025-05,Jaipur,42741,36787,2324419.75
2025-05,Mumbai,47043,44886,2857430.8
2025-05,Pune,47477,43688,2991126.5
2025-06,Bengaluru,66900,63697,4336596.55
2025-06,Delhi NCR,68451,59811,3782080.85
2025-06,Hyderabad,63502,56964,3558193.95
2025-06,Jaipur,42542,36500,2307820.5
2025-06,Mumbai,43401,41529,2638851.25
2025-06,Pune,46923,44695,3067247.3
