partner_id,swaps,revenue,energy,wear,margin,total_margin_lakh,partner_name,partner_segment,discount_pct,discount_pct_after_amendment
FP-01,516367,62.025428619567094,18.21130064037787,46.12425374528795,-2.3101257660987287,-11.928727114631021,FeastFly,food_delivery,10,
FP-02,296209,56.51486872444794,18.13026482203444,46.43168927294942,-8.047085370535918,-23.836191105210734,ParcelNest,ecom_logistics,15,
FP-03,549389,52.069593675883574,19.140982568435117,46.377231987770294,-13.448620880321833,-73.88524376819132,ZipDrop,quick_commerce,12,28.0
FP-04,131334,99.46115095862459,40.796799317160826,83.72634500987482,-25.06199336841106,-32.91491837046898,CargoTuk,cargo_3w,8,
FP-05,237632,59.30358242997576,18.36356675359379,46.112125173006596,-5.172109496624621,-12.29058723901902,Swiggle Go,food_delivery,11,
FP-06,119503,62.71470590696468,17.937451627741563,46.12828305841977,-1.3510287791966533,-1.6145199220033768,RideMitra,bike_taxi,6,
FP-07,127961,62.00724087808004,17.885415357179138,45.20332394128273,-1.081498420381834,-1.3838961937047987,QuickCart,quick_commerce,9,
FP-08,92027,63.608762645745266,18.058235402870896,46.498802470468995,-0.9482752275946282,-0.8726692436985085,DabbaXpress,food_delivery,8,
FP-09,53120,100.35943524096386,40.76640651073042,83.87486839765081,-24.281839667417373,-12.898513231332108,HaulKing,cargo_3w,7,
FP-10,81916,58.97683480638703,18.345899526588212,47.19860129539643,-6.567666015597609,-5.379969293336938,MetroMove,ecom_logistics,12,
FP-11,80332,60.723709107205096,18.69158050764328,47.55256173286288,-5.5204331333010614,-4.434674344643408,LastMileHub,ecom_logistics,10,
FP-12,82363,63.46270169857824,18.252108828478807,45.83991211452908,-0.6293192444296452,-0.5183262092895886,UrbanErrand,bike_taxi,5,
