station_id,attempts,failure_pct,charge_min,stockout_pct,summer_stockout_pct,city,zone,latitude,longitude,charger_generation,location_type,expansion_wave
STN-BLR-001,26253,4.74993334095151,88.3608622790981,0.49512492382693485,0.4302536231884058,Bengaluru,BLR-Electronic City,12.926943,77.604655,Gen1,transit_hub,Launch
STN-BLR-002,30916,4.360201837236382,64.05100238663485,0.0477326968973747,0.023674242424242424,Bengaluru,BLR-Central,13.149199,77.530565,Gen2,commercial_hub,Launch
STN-BLR-003,40241,4.274247657861386,64.03751523461304,0.038086532602071906,0.04528985507246377,Bengaluru,BLR-Electronic City,12.917986,77.60756,Gen2,commercial_hub,Launch
STN-BLR-004,52094,4.6531270395822935,88.31118220597196,0.13711151736745886,0.22644927536231885,Bengaluru,BLR-Whitefield,13.030901,77.489397,Gen1,market,Launch
STN-BLR-005,26380,4.848369977255496,88.37488574040219,0.38848263254113347,0.4302536231884058,Bengaluru,BLR-North,12.815864,77.628712,Gen1,residential,Launch
STN-BLR-006,31159,4.5251773163451965,88.38146534653465,0.3801980198019802,0.37629350893697083,Bengaluru,BLR-Central,13.167715,77.49896,Gen1,commercial_hub,Launch
STN-BLR-007,24075,4.440290758047767,64.06285510236471,0.15076971909220757,0.11734334663224597,Bengaluru,BLR-East,12.835339,77.639064,Gen2,commercial_hub,Launch
STN-BLR-008,31225,4.371497197758206,63.99019652650823,0.15234613040828762,0.18115942028985507,Bengaluru,BLR-South,13.022087,77.530346,Gen2,market,Launch
STN-BLR-009,39125,4.595527156549521,88.41971358927483,0.1294942108470445,0.09057971014492754,Bengaluru,BLR-North,12.799911,77.629492,Gen1,commercial_hub,Launch
STN-BLR-010,29975,4.643869891576314,64.07289762340037,1.134978671541743,1.3134057971014492,Bengaluru,BLR-Central,13.157407,77.505721,Gen2,market,Launch
STN-BLR-011,35151,4.551790845210663,88.37814594759294,2.2775746496039,2.5135869565217392,Bengaluru,BLR-Whitefield,13.028538,77.4997,Gen1,tech_park,Launch
STN-BLR-012,16582,4.866722952599204,88.38247257769653,0.09902498476538696,0.1358695652173913,Bengaluru,BLR-East,12.815094,77.625845,Gen1,tech_park,Launch
STN-BLR-013,37910,4.426272751252967,64.08820079219988,0.9293113954905545,1.0190217391304348,Bengaluru,BLR-Electronic City,12.945109,77.582166,Gen2,market,Launch
STN-BLR-014,22829,4.616934600727145,88.36463284582571,2.269957343083486,2.536231884057971,Bengaluru,BLR-East,12.825178,77.637458,Gen1,market,Launch
STN-BLR-015,30235,4.34595667273028,64.04897166361975,1.0511882998171846,1.0416666666666665,Bengaluru,BLR-Central,13.155268,77.514607,Gen2,commercial_hub,Launch
STN-BLR-016,20887,4.332838607746446,64.0742154174284,0.0837903717245582,0.11322463768115942,Bengaluru,BLR-East,12.838193,77.611269,Gen2,commercial_hub,Launch
STN-BLR-017,23970,4.7601168126825195,64.09067641681901,0.92169408897014,0.792572463768116,Bengaluru,BLR-Electronic City,12.942027,77.603844,Gen2,tech_park,Launch
STN-BLR-018,40297,4.774548973869022,64.0580591102986,0.92169408897014,0.7472826086956522,Bengaluru,BLR-Electronic City,12.929766,77.602778,Gen2,market,Launch
STN-BLR-019,58067,4.8426817297260065,88.29723491773309,2.330895795246801,2.740036231884058,Bengaluru,BLR-Whitefield,13.037931,77.484227,Gen1,commercial_hub,Launch
STN-BLR-020,21721,4.3920629805257585,64.0117154174284,0.20566727605118829,0.18115942028985507,Bengaluru,BLR-Central,13.150763,77.498129,Gen2,tech_park,Launch
STN-BLR-021,12097,4.207654790443912,64.1764411027569,1.112155388471178,1.358695652173913,Bengaluru,BLR-Central,13.148858,77.522696,Gen2,highway_fuel_pump,Wave1_2024H2
STN-BLR-022,16468,4.5907213990769975,64.11644736842105,1.2218045112781954,1.4039855072463767,Bengaluru,BLR-North,12.822023,77.658564,Gen2,highway_fuel_pump,Wave1_2024H2
STN-BLR-023,11163,4.649287825853266,64.11527322404372,0.040983606557377046,0.04528985507246377,Bengaluru,BLR-Central,13.16631,77.527781,Gen2,residential,Wave1_2024H2
STN-BLR-024,23561,4.155171682016892,64.0407634032634,0.8741258741258742,0.8152173913043478,Bengaluru,BLR-Whitefield,13.002362,77.474726,Gen2,residential,Wave1_2024H2
STN-BLR-025,8255,4.360993337371291,41.991761363636364,0.0,0.0,Bengaluru,BLR-East,12.821132,77.629489,Gen3,highway_fuel_pump,Wave1_2024H2
STN-BLR-026,13760,4.251453488372093,64.05057927313125,0.17457546421202982,0.1899335232668566,Bengaluru,BLR-Central,13.139957,77.504484,Gen2,highway_fuel_pump,Wave1_2024H2
STN-BLR-027,6247,4.386105330558668,42.0421996124031,0.14534883720930233,0.1488095238095238,Bengaluru,BLR-South,13.04354,77.526621,Gen3,market,Wave2_2025H1
STN-BLR-028,4171,5.202589307120594,41.97881944444444,0.5997474747474747,0.588768115942029,Bengaluru,BLR-East,12.849491,77.627915,Gen3,transit_hub,Wave2_2025H1
STN-BLR-029,3457,4.859704946485392,41.977739726027394,0.136986301369863,0.2574002574002574,Bengaluru,BLR-East,12.817158,77.631451,Gen3,market,Wave2_2025H1
STN-BLR-030,7961,4.496922497173722,42.08485915492958,0.5868544600938966,0.5081300813008129,Bengaluru,BLR-Electronic City,12.924526,77.58033,Gen3,market,Wave2_2025H1
STN-BLR-031,4972,4.605792437650845,42.03823024054983,0.0429553264604811,0.06218905472636816,Bengaluru,BLR-East,12.830738,77.623313,Gen3,market,Wave2_2025H1
STN-BLR-032,12091,4.44959060458192,42.04769283746556,0.0,0.0,Bengaluru,BLR-Electronic City,12.936329,77.579485,Gen3,market,Wave2_2025H1
STN-DEL-033,33753,8.206677924925192,93.95069317489336,3.3287629494210846,8.129528985507246,Delhi NCR,DEL-West,28.475943,77.097616,Gen1,market,Launch
STN-DEL-034,24506,5.982208438749694,64.74326630103594,0.20566727605118829,0.18115942028985507,Delhi NCR,DEL-West,28.495335,77.081869,Gen2,highway_fuel_pump,Launch
STN-DEL-035,29553,8.28342300274084,94.06482327848873,2.582266910420475,6.5896739130434785,Delhi NCR,DEL-Gurugram-Cyber,28.60613,77.248722,Gen1,market,Launch
STN-DEL-036,35499,8.53826868362489,93.95879798903108,2.5670322973796464,6.725543478260869,Delhi NCR,DEL-Noida,28.598176,77.262656,Gen1,market,Launch
STN-DEL-037,30838,9.076464102730398,93.97303473491773,2.5517976843388177,6.499094202898551,Delhi NCR,DEL-Noida,28.620611,77.267558,Gen1,commercial_hub,Launch
STN-DEL-038,27830,7.8404599353215945,94.07176264472884,6.360450944546009,11.865942028985508,Delhi NCR,DEL-Gurugram-Cyber,28.584375,77.212238,Gen1,market,Launch
STN-DEL-039,31783,8.551741497026713,93.96088513101768,3.283059110298599,8.06159420289855,Delhi NCR,DEL-East,28.466488,77.097026,Gen1,residential,Launch
STN-DEL-040,40335,8.645097310028511,93.94168951858623,2.475624619134674,6.476449275362318,Delhi NCR,DEL-South,28.613492,77.145076,Gen1,market,Launch
STN-DEL-041,41678,5.6048754738711075,64.80912553321146,1.0740402193784278,1.2681159420289856,Delhi NCR,DEL-East,28.500709,77.081232,Gen2,commercial_hub,Launch
STN-DEL-042,30707,5.83905949783437,64.7728366849482,1.0283363802559415,1.3134057971014492,Delhi NCR,DEL-Gurugram-Cyber,28.579633,77.221467,Gen2,market,Launch
STN-DEL-043,49597,8.611407948061375,94.07938561676457,3.3576758215589773,7.581483230987246,Delhi NCR,DEL-East,28.478187,77.101377,Gen1,commercial_hub,Launch
STN-DEL-044,37515,6.0109289617486334,64.84513513513514,0.7710651828298887,0.8005651047798447,Delhi NCR,DEL-Noida,28.618268,77.263405,Gen2,commercial_hub,Launch
STN-DEL-045,32237,8.71979402549865,94.04405088360755,2.528945764777575,6.61231884057971,Delhi NCR,DEL-Noida,28.622412,77.247504,Gen1,commercial_hub,Launch
STN-DEL-046,32734,5.954053888922832,64.82571836799492,0.07937767899666613,0.14187751241428234,Delhi NCR,DEL-Noida,28.598173,77.245905,Gen2,market,Launch
STN-DEL-047,41594,8.436312929749484,93.8633226691042,3.3668494820231563,7.857789855072464,Delhi NCR,DEL-South,28.610966,77.160085,Gen1,market,Launch
STN-DEL-048,34646,8.979391560353287,93.88180225472273,2.368982327848873,6.385869565217392,Delhi NCR,DEL-West,28.475881,77.071943,Gen1,market,Launch
STN-DEL-049,21665,8.017539810754673,94.0465341255332,6.314747105423522,11.77536231884058,Delhi NCR,DEL-West,28.485361,77.078575,Gen1,tech_park,Launch
STN-DEL-050,47060,8.612409689757756,93.91517389232968,3.4778465936160075,8.24474368060477,Delhi NCR,DEL-East,28.495258,77.095545,Gen1,commercial_hub,Launch
STN-DEL-051,14439,5.381259089964678,64.42420138888889,0.22569444444444442,0.20833333333333334,Delhi NCR,DEL-East,28.491312,77.114162,Gen2,residential,Wave1_2024H2
STN-DEL-052,13267,5.223486847064144,64.65859375,0.9505208333333333,1.4039855072463767,Delhi NCR,DEL-Gurugram-Cyber,28.606711,77.232221,Gen2,residential,Wave1_2024H2
STN-DEL-053,15640,5.524296675191816,64.6182037601626,0.8511178861788617,1.177536231884058,Delhi NCR,DEL-Noida,28.604215,77.26892,Gen2,highway_fuel_pump,Wave1_2024H2
STN-DEL-054,11595,5.528244933160845,64.82521367521367,0.2442002442002442,0.1358695652173913,Delhi NCR,DEL-West,28.495664,77.08538,Gen2,highway_fuel_pump,Wave1_2024H2
STN-DEL-055,19129,4.45397041141722,42.14219504830918,0.07548309178743962,0.09057971014492754,Delhi NCR,DEL-South,28.605747,77.142606,Gen3,residential,Wave1_2024H2
STN-DEL-056,13979,5.958938407611417,64.85026990553307,0.21929824561403508,0.18115942028985507,Delhi NCR,DEL-West,28.496811,77.080708,Gen2,residential,Wave1_2024H2
STN-DEL-057,10491,5.175865027166142,42.26958041958042,0.1456876456876457,0.09057971014492754,Delhi NCR,DEL-East,28.491914,77.100781,Gen3,tech_park,Wave2_2025H1
STN-DEL-058,14793,5.698641249239505,42.44359318996416,0.0,0.0,Delhi NCR,DEL-Central,28.747185,77.035625,Gen3,highway_fuel_pump,Wave2_2025H1
STN-DEL-059,11689,4.850714346821798,42.29671717171717,0.7575757575757576,0.6340579710144928,Delhi NCR,DEL-West,28.480637,77.080806,Gen3,commercial_hub,Wave2_2025H1
STN-DEL-060,9474,6.206459784673844,42.43235136582753,0.05356186395286556,0.0,Delhi NCR,DEL-East,28.47791,77.100748,Gen3,market,Wave2_2025H1
STN-DEL-061,4822,5.039402737453339,42.39594801223242,0.0382262996941896,0.0,Delhi NCR,DEL-West,28.488696,77.084866,Gen3,highway_fuel_pump,Wave2_2025H1
STN-DEL-062,6065,5.902720527617477,42.41305841924399,0.4725085910652921,0.43532338308457713,Delhi NCR,DEL-Gurugram-Cyber,28.589736,77.236667,Gen3,market,Wave2_2025H1
STN-HYD-063,36753,5.349223192664544,64.52148080438756,0.26660572821450335,0.2943840579710145,Hyderabad,HYD-Hitech City,17.233343,78.508574,Gen2,transit_hub,Launch
STN-HYD-064,36821,7.588061160750659,91.29988574040219,0.8912248628884826,2.355072463768116,Hyderabad,HYD-Central,17.250335,78.56334,Gen1,market,Launch
STN-HYD-065,46001,7.284624247298972,91.09600091407678,0.7617306520414382,2.0606884057971016,Hyderabad,HYD-Hitech City,17.241279,78.499876,Gen1,commercial_hub,Launch
STN-HYD-066,33079,5.362919072523353,64.42852681291895,0.06855575868372943,0.022644927536231884,Hyderabad,HYD-Central,17.256875,78.59181,Gen2,commercial_hub,Launch
STN-HYD-067,40152,6.9261805140466235,91.19230652041439,4.517062766605728,7.6313405797101455,Hyderabad,HYD-Secunderabad,17.468527,78.51652,Gen1,commercial_hub,Launch
STN-HYD-068,37775,7.497021839841164,91.22646252285192,4.456124314442413,7.087862318840579,Hyderabad,HYD-Central,17.24069,78.553185,Gen1,commercial_hub,Launch
STN-HYD-069,34499,7.550943505608858,91.17390994133503,0.8799746313619787,2.339872370597967,Hyderabad,HYD-Secunderabad,17.464299,78.498401,Gen1,market,Launch
STN-HYD-070,49688,7.583319916277572,91.16189061547837,0.9293113954905545,2.1965579710144927,Hyderabad,HYD-South,17.392846,78.587976,Gen1,market,Launch
STN-HYD-071,32357,7.296720956825417,91.22103138330286,0.8455210237659964,2.151268115942029,Hyderabad,HYD-Central,17.228754,78.574117,Gen1,market,Launch
STN-HYD-072,51765,8.067226890756302,91.18777422303474,1.6072516758074344,3.5778985507246377,Hyderabad,HYD-Hitech City,17.235007,78.506861,Gen1,commercial_hub,Launch
STN-HYD-073,32447,7.162449533084722,91.21485374771481,1.4625228519195612,2.966485507246377,Hyderabad,HYD-Central,17.244067,78.582652,Gen1,market,Launch
STN-HYD-074,33251,7.3742143093440795,91.20805149299208,4.105728214503351,6.816123188405797,Hyderabad,HYD-West,17.503863,78.363688,Gen1,residential,Launch
STN-HYD-075,25744,5.298321939092604,64.45746496039,1.0816575258988421,1.0416666666666665,Hyderabad,HYD-Secunderabad,17.454298,78.494977,Gen2,highway_fuel_pump,Launch
STN-HYD-076,23628,7.351447435246318,91.22659201706276,1.416819012797075,3.170289855072464,Hyderabad,HYD-Secunderabad,17.449139,78.513023,Gen1,transit_hub,Launch
STN-HYD-077,37465,7.5910850126785,91.26288848263253,0.9521633150517976,2.4909420289855073,Hyderabad,HYD-Secunderabad,17.433347,78.513368,Gen1,market,Launch
STN-HYD-078,22305,7.020847343644923,91.23976234003656,1.5310786106032905,3.5778985507246377,Hyderabad,HYD-Central,17.233976,78.58993,Gen1,residential,Launch
STN-HYD-079,18319,5.584365958840548,64.4144680196802,0.16912669126691268,0.2717391304347826,Hyderabad,HYD-South,17.394644,78.580457,Gen2,highway_fuel_pump,Wave1_2024H2
STN-HYD-080,12722,5.557302310957397,64.41035,0.21666666666666665,0.4076086956521739,Hyderabad,HYD-Secunderabad,17.459734,78.508433,Gen2,highway_fuel_pump,Wave1_2024H2
STN-HYD-081,23000,4.865217391304348,42.08844086021505,0.8198924731182796,0.6793478260869565,Hyderabad,HYD-Hitech City,17.254772,78.500249,Gen3,residential,Wave1_2024H2
STN-HYD-082,20679,5.159823976014314,64.50165064102563,0.9294871794871795,0.9963768115942028,Hyderabad,HYD-Hitech City,17.265584,78.506511,Gen2,highway_fuel_pump,Wave1_2024H2
STN-HYD-083,16042,4.494452063333749,42.066693635382954,0.026968716289104636,0.0,Hyderabad,HYD-Central,17.264009,78.586175,Gen3,residential,Wave1_2024H2
STN-HYD-084,9181,4.988563337327088,42.10368344274252,0.5835156819839533,0.5365853658536586,Hyderabad,HYD-Central,17.246939,78.560329,Gen3,commercial_hub,Wave2_2025H1
STN-HYD-085,3566,5.580482333146382,42.29193548387097,0.0,0.0,Hyderabad,HYD-Central,17.255567,78.572115,Gen3,transit_hub,Wave2_2025H1
STN-HYD-086,12526,4.470700942040556,42.126126126126124,0.05630630630630631,0.09057971014492754,Hyderabad,HYD-Central,17.228798,78.564443,Gen3,commercial_hub,Wave2_2025H1
STN-HYD-087,12577,4.873976305955315,42.19236111111111,0.4629629629629629,0.5876068376068376,Hyderabad,HYD-West,17.500676,78.334507,Gen3,commercial_hub,Wave2_2025H1
STN-HYD-088,9588,4.755944931163955,42.26172839506173,0.15432098765432098,0.16339869281045752,Hyderabad,HYD-West,17.530208,78.345679,Gen3,market,Wave2_2025H1
STN-JAI-133,25937,8.370281836758299,94.7016758074345,2.894576477757465,7.314311594202899,Jaipur,JAI-Vaishali,26.910752,75.667455,Gen1,market,Launch
STN-JAI-134,42925,8.414676761793826,94.80869134673979,3.138330286410725,7.6313405797101455,Jaipur,JAI-Malviya Nagar,26.803329,75.86716,Gen1,commercial_hub,Launch
STN-JAI-135,29930,8.142332108252589,94.78721815965875,3.9000609384521634,8.876811594202898,Jaipur,JAI-Vaishali,26.903037,75.642205,Gen1,commercial_hub,Launch
STN-JAI-136,29340,8.708248125426039,94.80847806215722,6.825106642291286,12.635869565217392,Jaipur,JAI-Malviya Nagar,26.824337,75.85503,Gen1,transit_hub,Launch
STN-JAI-137,44371,8.746703928241418,94.80527117611213,7.076477757464961,12.590579710144928,Jaipur,JAI-Malviya Nagar,26.795325,75.855718,Gen1,commercial_hub,Launch
STN-JAI-138,48945,8.66687097762795,94.6923699880905,3.898372369988091,8.754129306276544,Jaipur,JAI-Malviya Nagar,26.81922,75.864944,Gen1,market,Launch
STN-JAI-139,31659,8.55680849047664,94.8207463279079,3.017070265978563,7.441314553990611,Jaipur,JAI-Vaishali,26.915033,75.635205,Gen1,commercial_hub,Launch
STN-JAI-140,44115,8.461974385129773,94.7768662400975,2.9402803168799516,7.314311594202899,Jaipur,JAI-Malviya Nagar,26.803011,75.873369,Gen1,commercial_hub,Launch
STN-JAI-141,45594,8.731412027898408,94.74501828153565,2.9478976234003658,7.359601449275361,Jaipur,JAI-Malviya Nagar,26.818902,75.880865,Gen1,commercial_hub,Launch
STN-JAI-142,33319,8.74576067709115,94.7123582136908,3.8232727849607357,8.773584905660377,Jaipur,JAI-Vaishali,26.926922,75.669042,Gen1,commercial_hub,Launch
STN-JAI-143,12102,5.767641712113701,64.9319556451613,0.2688172043010753,0.18115942028985507,Jaipur,JAI-Vaishali,26.916222,75.6392,Gen2,highway_fuel_pump,Wave1_2024H2
STN-JAI-144,10452,4.611557596632224,42.193409694555115,0.14940239043824702,0.22644927536231885,Jaipur,JAI-Vaishali,26.92117,75.653451,Gen3,residential,Wave1_2024H2
STN-JAI-145,19682,5.720963316736103,64.75689102564102,0.2003205128205128,0.22644927536231885,Jaipur,JAI-Malviya Nagar,26.825823,75.85458,Gen2,highway_fuel_pump,Wave1_2024H2
STN-JAI-146,16947,5.588009677229008,64.73663888888889,1.0833333333333335,1.3134057971014492,Jaipur,JAI-Malviya Nagar,26.833278,75.871283,Gen2,residential,Wave1_2024H2
STN-JAI-147,7112,5.539932508436445,42.376931142957005,0.10485844110450893,0.09416195856873823,Jaipur,JAI-Vaishali,26.929376,75.646709,Gen3,market,Wave2_2025H1
STN-JAI-148,26552,5.170985236517024,42.36633333333333,0.638888888888889,0.8152173913043478,Jaipur,JAI-Central,26.951471,75.742828,Gen3,highway_fuel_pump,Wave2_2025H1
STN-JAI-149,7167,5.706711315752756,42.25302734375,0.13020833333333331,0.18115942028985507,Jaipur,JAI-Malviya Nagar,26.800606,75.864423,Gen3,residential,Wave2_2025H1
STN-JAI-150,11485,5.259033521985198,42.32230191256831,0.47814207650273227,0.4528985507246377,Jaipur,JAI-Malviya Nagar,26.810605,75.876903,Gen3,market,Wave2_2025H1
STN-MUM-111,30905,4.559132826403495,63.99039457647776,1.0131017672151128,0.8605072463768116,Mumbai,MUM-Andheri,18.997792,72.98355,Gen2,commercial_hub,Launch
STN-MUM-112,35310,4.435004248088361,64.00108927483242,0.1218769043266301,0.1358695652173913,Mumbai,MUM-Andheri,19.001774,73.0015,Gen2,commercial_hub,Launch
STN-MUM-113,40607,4.230797645726106,63.992177026203535,0.07617306520414381,0.022644927536231884,Mumbai,MUM-Central,19.231872,72.924697,Gen2,commercial_hub,Launch
STN-MUM-114,28198,4.592524292503014,64.02104661791591,0.21328458257160268,0.1585144927536232,Mumbai,MUM-Andheri,19.005108,73.00389,Gen2,commercial_hub,Launch
STN-MUM-115,35223,4.411889958265905,88.1510435709933,0.13711151736745886,0.11322463768115942,Mumbai,MUM-Andheri,18.970197,72.985313,Gen1,commercial_hub,Launch
STN-MUM-116,36186,4.183938539766761,64.03190914866582,0.08735705209656926,0.02357934449422306,Mumbai,MUM-Central,19.201421,72.904601,Gen2,market,Launch
STN-MUM-117,26692,4.405814476247564,64.04859841560024,0.10664229128580134,0.09057971014492754,Mumbai,MUM-Navi Mumbai,19.187733,72.95422,Gen2,market,Launch
STN-MUM-118,29088,4.644526952695269,63.98955034832172,1.1003799873337554,0.895592740985152,Mumbai,MUM-Navi Mumbai,19.185048,72.978428,Gen2,market,Launch
STN-MUM-119,37128,4.352510234863176,64.01738269347958,0.21328458257160268,0.11322463768115942,Mumbai,MUM-Central,19.219636,72.886092,Gen2,commercial_hub,Launch
STN-MUM-120,19279,4.336324498158619,64.06449573430835,0.20566727605118829,0.1358695652173913,Mumbai,MUM-Andheri,18.997594,73.002306,Gen2,residential,Launch
STN-MUM-121,36108,4.5391602968871165,88.16767215112736,0.3656307129798903,0.4076086956521739,Mumbai,MUM-Andheri,18.995324,72.999556,Gen1,commercial_hub,Launch
STN-MUM-122,29282,4.528379209070418,64.09520871419866,0.22851919561243145,0.1358695652173913,Mumbai,MUM-Navi Mumbai,19.1622,72.981689,Gen2,market,Launch
STN-MUM-123,36166,4.498700436874413,63.95857708714198,0.2513711151736746,0.1585144927536232,Mumbai,MUM-Thane,19.202196,72.9799,Gen2,residential,Launch
STN-MUM-124,17280,4.62962962962963,64.0381625891947,0.0891946992864424,0.22644927536231885,Mumbai,MUM-Central,19.206822,72.904445,Gen2,transit_hub,Wave1_2024H2
STN-MUM-125,14364,4.072681704260652,64.03207650273224,0.1092896174863388,0.1358695652173913,Mumbai,MUM-Andheri,18.988068,72.984211,Gen2,residential,Wave1_2024H2
STN-MUM-126,38679,4.695054163758112,64.10084459459459,0.04606879606879607,0.0,Mumbai,MUM-Thane,19.17894,73.002036,Gen2,commercial_hub,Wave1_2024H2
STN-MUM-127,14133,4.443501025967594,63.991186951754386,0.21929824561403508,0.18115942028985507,Mumbai,MUM-Central,19.235086,72.896368,Gen2,highway_fuel_pump,Wave1_2024H2
STN-MUM-128,5293,4.439826185528055,41.97194046306505,0.0,0.0,Mumbai,MUM-Andheri,18.989586,72.997926,Gen3,market,Wave2_2025H1
STN-MUM-129,8367,4.195051989960559,42.00300687285223,0.0429553264604811,0.06218905472636816,Mumbai,MUM-Central,19.203505,72.90577,Gen3,market,Wave2_2025H1
STN-MUM-130,3903,4.17627466051755,42.0099358974359,0.5876068376068376,0.4340277777777778,Mumbai,MUM-Central,19.201382,72.886496,Gen3,highway_fuel_pump,Wave2_2025H1
STN-MUM-131,2983,4.860878310425746,41.936940298507466,0.808457711442786,0.5630630630630631,Mumbai,MUM-Central,19.237652,72.905634,Gen3,transit_hub,Wave2_2025H1
STN-MUM-132,5125,4.507317073170731,42.00464876033058,0.4820936639118457,0.4578754578754579,Mumbai,MUM-Andheri,18.970414,73.001311,Gen3,residential,Wave2_2025H1
STN-PUN-089,31335,4.806127333652465,64.12698811700183,0.19804996953077392,0.22644927536231885,Pune,PUN-South,18.570944,73.667246,Gen2,market,Launch
STN-PUN-090,38073,4.8722191579334435,64.13590798293723,0.2437538086532602,0.2717391304347826,Pune,PUN-Central,18.363691,73.784569,Gen2,market,Launch
STN-PUN-091,32455,5.586196271760899,88.93442260816576,0.1218769043266301,0.20380434782608695,Pune,PUN-Central,18.374112,73.76728,Gen1,commercial_hub,Launch
STN-PUN-092,31000,5.674193548387096,88.89618372943328,0.19043266301035955,0.2943840579710145,Pune,PUN-South,18.575188,73.666667,Gen1,market,Launch
STN-PUN-093,34395,5.631632504724523,88.9555225472273,0.1675807434491164,0.36231884057971014,Pune,PUN-South,18.568005,73.688809,Gen1,commercial_hub,Launch
STN-PUN-094,32816,4.769015114578255,64.16599190283401,0.03969199015638644,0.0,Pune,PUN-Central,18.388829,73.771147,Gen2,commercial_hub,Launch
STN-PUN-095,32210,4.9984476870537105,64.20052559414991,0.06855575868372943,0.04528985507246377,Pune,PUN-Central,18.39892,73.770288,Gen2,market,Launch
STN-PUN-096,46174,4.98548966951098,64.12758988421695,0.06855575868372943,0.06793478260869565,Pune,PUN-Hinjewadi,18.705217,73.748507,Gen2,commercial_hub,Launch
STN-PUN-097,32232,4.759245470340034,64.11637083993661,0.08716323296354993,0.023557126030624265,Pune,PUN-South,18.558179,73.667398,Gen2,market,Launch
STN-PUN-098,32923,4.628982777997145,64.09852224253504,0.22851919561243145,0.2717391304347826,Pune,PUN-South,18.569468,73.675777,Gen2,commercial_hub,Launch
STN-PUN-099,34534,5.357039439393062,88.95688604509445,0.5712979890310786,0.8378623188405798,Pune,PUN-South,18.592434,73.673963,Gen1,commercial_hub,Launch
STN-PUN-100,34916,4.820139764005041,64.18446069469836,0.030469226081657527,0.04528985507246377,Pune,PUN-Central,18.375993,73.776926,Gen2,market,Launch
STN-PUN-101,23101,5.012770009956279,64.1754359543437,0.17438173747622066,0.11778563015312131,Pune,PUN-Central,18.387803,73.790694,Gen2,transit_hub,Launch
STN-PUN-102,12733,4.790701327259876,42.06347953216375,0.45321637426900585,0.4528985507246377,Pune,PUN-South,18.57124,73.671191,Gen3,residential,Wave1_2024H2
STN-PUN-103,17952,5.057932263814617,64.14497011952191,0.398406374501992,0.4981884057971014,Pune,PUN-Hinjewadi,18.70739,73.764106,Gen2,tech_park,Wave1_2024H2
STN-PUN-104,13347,4.577807747059264,64.07160052910052,0.11904761904761905,0.09057971014492754,Pune,PUN-South,18.593716,73.699665,Gen2,highway_fuel_pump,Wave1_2024H2
STN-PUN-105,11742,5.041730539942088,64.18423333333334,0.1,0.18115942028985507,Pune,PUN-South,18.570362,73.700716,Gen2,residential,Wave1_2024H2
STN-PUN-106,37570,4.415757253127495,42.06923076923077,0.043706293706293704,0.04528985507246377,Pune,PUN-Kharadi,18.661044,73.947885,Gen3,highway_fuel_pump,Wave1_2024H2
STN-PUN-107,3145,5.278219395866455,42.075158730158726,0.11904761904761905,0.1111111111111111,Pune,PUN-South,18.564331,73.669712,Gen3,highway_fuel_pump,Wave2_2025H1
STN-PUN-108,5592,4.971387696709585,42.08238357843137,0.1838235294117647,0.1358695652173913,Pune,PUN-Central,18.36339,73.785395,Gen3,transit_hub,Wave2_2025H1
STN-PUN-109,6584,4.875455650060753,42.09603174603175,0.0496031746031746,0.0,Pune,PUN-South,18.593667,73.688233,Gen3,market,Wave2_2025H1
STN-PUN-110,8081,4.182650662046776,42.139172749391726,0.4257907542579075,0.2717391304347826,Pune,PUN-South,18.591364,73.680897,Gen3,market,Wave2_2025H1
