month,swaps,revenue,energy,wear,station,open_stations,margin
2024-01,103508,59.88719132820652,22.00590501429841,37.669274252117866,20.376164161224253,90,-20.164152099434013
2024-02,104437,59.904976205750835,21.899364791213845,37.67861459461368,20.194911764987506,90,-19.867914945064197
2024-03,116147,59.86025639921824,21.714320614479924,37.56291879895971,18.15885042230966,90,-17.575833436531052
2024-04,120117,59.975159219760734,21.595053900030805,37.674683651076435,17.55868028672045,90,-16.853258618066956
2024-05,125454,59.88818849937029,21.331019000271016,37.56958941140147,16.81170787699077,90,-15.82412778929297
2024-06,130880,59.805722799511,21.03028254622555,37.44328018699534,16.114731051344744,90,-14.78257098505463
2024-07,148611,65.04766975526711,20.85668181130603,37.48876050137038,14.19205846135212,90,-7.489831018761423
2024-08,161688,64.99884716243629,20.647314548203948,37.48257644734942,14.666103854336747,100,-7.79714768745383
2024-09,184051,64.67377900690569,20.45954259281395,48.631270016525924,13.847993219270746,108,-18.26502682170493
2024-10,216551,66.25967070112814,20.225657717396825,52.68747536750877,13.146533611020036,120,-19.799995994797488
2024-11,224857,64.61116176058562,19.914490731887376,52.67282853228422,12.660913380504054,120,-20.637070884090036
2024-12,248954,64.6388473372591,19.630815071860663,52.77197209679946,11.435425821637732,120,-19.199365653038765
2025-01,265834,64.60142777071405,19.27058693176945,52.75076601795529,10.70929602684382,120,-18.12922120585451
2025-02,252750,64.63404075173096,18.86194127129575,52.96432551898035,12.079058358061326,129,-19.27128439660646
2025-03,286630,64.65261068276175,18.37587610965356,52.81523007150973,11.563660468199421,141,-18.102155966600968
2025-04,289261,64.78486799119135,18.00453788530082,52.7238230338895,12.304894195899205,150,-18.24838712389818
2025-05,303748,64.93192498386821,17.553954261855225,52.436550033786624,11.718022834718253,150,-16.77660214649189
2025-06,303196,64.94409688782173,17.02739938805261,52.55268050939109,11.739356719745643,150,-16.375339729367617
